{
  "css/style.css": 1705074594306,
  "i18n/i18n_en.properties": 1705074594306,
  "i18n/i18n_es_ES.properties": 1705074594306,
  "controller/App.controller.js": 1705080253585,
  "model/formatter.js": 1705074594306,
  "controller/BaseController.js": 1705074594306,
  "model/models.js": 1705074594306,
  "manifest.json": 1705454858395,
  "Component.js": 1705074594306,
  "controller/App-dbg.controller.js": 1705080253585,
  "controller/App.controller.js.map": 1705454858649,
  "model/formatter-dbg.js": 1705074594306,
  "model/formatter.js.map": 1705454858636,
  "controller/BaseController-dbg.js": 1705074594306,
  "controller/BaseController.js.map": 1705454858642,
  "model/models-dbg.js": 1705074594306,
  "model/models.js.map": 1705454858642,
  "Component-dbg.js": 1705074594306,
  "Component.js.map": 1705454858644,
  "Component-preload.js": 1705454858852,
  "Component-preload.js.map": 1705454858852,
  "view/App.view.xml": 1705074594306,
  "i18n/i18n.properties": 1705074594306,
  "index.html": 1705074594306
}