{
  "controller/BaseController.js": 1705074594306,
  "i18n/i18n_en.properties": 1705074594306,
  "i18n/i18n_es_ES.properties": 1705074594306,
  "manifest.json": 1705080036444,
  "model/formatter.js": 1705074594306,
  "i18n/i18n.properties": 1705074594306,
  "controller/App.controller.js": 1705079857692,
  "model/models.js": 1705074594306,
  "Component.js": 1705074594306,
  "model/models-dbg.js": 1705074594306,
  "model/models.js.map": 1705080036796,
  "controller/BaseController-dbg.js": 1705074594306,
  "controller/BaseController.js.map": 1705080036772,
  "controller/App-dbg.controller.js": 1705079857692,
  "controller/App.controller.js.map": 1705080036803,
  "model/formatter-dbg.js": 1705074594306,
  "model/formatter.js.map": 1705080036789,
  "Component-dbg.js": 1705074594306,
  "Component.js.map": 1705080036777,
  "Component-preload.js": 1705080036979,
  "Component-preload.js.map": 1705080036979,
  "view/App.view.xml": 1705074594306,
  "css/style.css": 1705074594306,
  "index.html": 1705074594306
}