{
  "Component-preload.js": 1704208583597,
  "i18n/i18n_en.properties": 1696346635687,
  "i18n/i18n.properties": 1697164008547,
  "model/models.js": 1696345419680,
  "model/formatter.js": 1696345169391,
  "controller/BaseController.js": 1697164526778,
  "controller/App.controller.js": 1697233141383,
  "manifest.json": 1704208583306,
  "Component.js": 1696344622098,
  "controller/App-dbg.controller.js": 1697233141383,
  "controller/App.controller.js.map": 1704208583494,
  "model/formatter-dbg.js": 1696345169391,
  "model/formatter.js.map": 1704208583463,
  "controller/BaseController-dbg.js": 1697164526778,
  "controller/BaseController.js.map": 1704208583463,
  "model/models-dbg.js": 1696345419680,
  "model/models.js.map": 1704208583494,
  "Component-dbg.js": 1696344622098,
  "Component.js.map": 1704208583466,
  "i18n/i18n_es_ES.properties": 1697168792214,
  "Component-preload.js.map": 1704208583597,
  "view/App.view.xml": 1697157533162,
  "css/style.css": 1696344622118,
  "index.html": 1696344622098
}