{
  "Component.js": 1708097347975,
  "i18n/i18n_en.properties": 1708097347975,
  "i18n/i18n.properties": 1708097347975,
  "controller/BaseController.js": 1708097347975,
  "model/formatter.js": 1708097347975,
  "model/models.js": 1708097347975,
  "controller/App.controller.js": 1708097347975,
  "manifest.json": 1708114445607,
  "i18n/i18n_es_ES.properties": 1708097347975,
  "controller/BaseController-dbg.js": 1708097347975,
  "controller/BaseController.js.map": 1708114445846,
  "model/formatter-dbg.js": 1708097347975,
  "model/formatter.js.map": 1708114445797,
  "model/models-dbg.js": 1708097347975,
  "model/models.js.map": 1708114445853,
  "controller/App-dbg.controller.js": 1708097347975,
  "controller/App.controller.js.map": 1708114445853,
  "Component-dbg.js": 1708097347975,
  "Component.js.map": 1708114445802,
  "Component-preload.js": 1708114445950,
  "Component-preload.js.map": 1708114445950,
  "view/App.view.xml": 1708097347975,
  "css/style.css": 1708097347975,
  "index.html": 1708097347975
}