{
  "controller/App.controller.js.map": 1709300684562,
  "i18n/i18n_en.properties": 1708097347975,
  "i18n/i18n.properties": 1708097347975,
  "Component.js": 1708097347975,
  "model/formatter.js": 1708097347975,
  "controller/BaseController.js": 1708097347975,
  "controller/App.controller.js": 1708097347975,
  "manifest.json": 1709300684010,
  "model/models.js": 1708097347975,
  "Component-dbg.js": 1708097347975,
  "Component.js.map": 1709300684433,
  "model/formatter-dbg.js": 1708097347975,
  "model/formatter.js.map": 1709300684518,
  "controller/BaseController-dbg.js": 1708097347975,
  "controller/BaseController.js.map": 1709300684516,
  "controller/App-dbg.controller.js": 1708097347975,
  "i18n/i18n_es_ES.properties": 1708097347975,
  "model/models-dbg.js": 1708097347975,
  "model/models.js.map": 1709300684441,
  "Component-preload.js": 1709300684978,
  "Component-preload.js.map": 1709300684978,
  "view/App.view.xml": 1708097347975,
  "css/style.css": 1708097347975,
  "index.html": 1708097347975
}