{
  "controller/App.controller.js.map": 1708115201971,
  "i18n/i18n_es_ES.properties": 1708097347975,
  "i18n/i18n.properties": 1708097347975,
  "controller/BaseController.js": 1708097347975,
  "model/formatter.js": 1708097347975,
  "model/models.js": 1708097347975,
  "controller/App.controller.js": 1708097347975,
  "manifest.json": 1708115201739,
  "Component.js": 1708097347975,
  "controller/BaseController-dbg.js": 1708097347975,
  "controller/BaseController.js.map": 1708115201965,
  "model/formatter-dbg.js": 1708097347975,
  "model/formatter.js.map": 1708115201939,
  "model/models-dbg.js": 1708097347975,
  "model/models.js.map": 1708115201940,
  "controller/App-dbg.controller.js": 1708097347975,
  "i18n/i18n_en.properties": 1708097347975,
  "Component-dbg.js": 1708097347975,
  "Component.js.map": 1708115201945,
  "Component-preload.js": 1708115202080,
  "Component-preload.js.map": 1708115202080,
  "view/App.view.xml": 1708097347975,
  "css/style.css": 1708097347975,
  "index.html": 1708097347975
}