{
  "model/formatter-dbg.js": 1708097347975,
  "i18n/i18n_es_ES.properties": 1708097347975,
  "i18n/i18n.properties": 1708097347975,
  "manifest.json": 1709233767529,
  "model/formatter.js": 1708097347975,
  "controller/BaseController.js": 1708097347975,
  "controller/App.controller.js": 1708097347975,
  "model/models.js": 1708097347975,
  "Component.js": 1708097347975,
  "Component-dbg.js": 1708097347975,
  "Component.js.map": 1709233767713,
  "controller/BaseController-dbg.js": 1708097347975,
  "controller/BaseController.js.map": 1709233767719,
  "controller/App-dbg.controller.js": 1708097347975,
  "controller/App.controller.js.map": 1709233767727,
  "model/models-dbg.js": 1708097347975,
  "model/models.js.map": 1709233767758,
  "i18n/i18n_en.properties": 1708097347975,
  "model/formatter.js.map": 1709233767715,
  "Component-preload.js": 1709233768013,
  "Component-preload.js.map": 1709233768013,
  "view/App.view.xml": 1708097347975,
  "css/style.css": 1708097347975,
  "index.html": 1708097347975
}