{
  "model/formatter.js": 1705074594310,
  "i18n/i18n_en.properties": 1705074594310,
  "i18n/i18n_es_ES.properties": 1705074594310,
  "controller/App.controller.js": 1705079340782,
  "i18n/i18n.properties": 1705074594310,
  "controller/BaseController.js": 1705074594310,
  "model/models.js": 1705074594310,
  "manifest.json": 1705080042270,
  "Component.js": 1705074594310,
  "Component-dbg.js": 1705074594310,
  "Component.js.map": 1705080042588,
  "model/formatter-dbg.js": 1705074594310,
  "model/formatter.js.map": 1705080042590,
  "controller/BaseController-dbg.js": 1705074594310,
  "controller/BaseController.js.map": 1705080042591,
  "model/models-dbg.js": 1705074594310,
  "model/models.js.map": 1705080042588,
  "controller/App-dbg.controller.js": 1705079340782,
  "controller/App.controller.js.map": 1705080042599,
  "Component-preload.js": 1705080042850,
  "Component-preload.js.map": 1705080042850,
  "view/App.view.xml": 1705074594310,
  "css/style.css": 1705074594310,
  "index.html": 1705074594310
}