{
  "model/formatter.js.map": 1708114449151,
  "i18n/i18n_es_ES.properties": 1708097347983,
  "i18n/i18n.properties": 1708097347983,
  "controller/BaseController.js": 1708097347983,
  "model/formatter.js": 1708097347983,
  "model/models.js": 1708097347983,
  "controller/App.controller.js": 1708097347983,
  "manifest.json": 1708114448944,
  "Component.js": 1708097347983,
  "Component-dbg.js": 1708097347983,
  "Component.js.map": 1708114449128,
  "model/formatter-dbg.js": 1708097347983,
  "i18n/i18n_en.properties": 1708097347983,
  "model/models-dbg.js": 1708097347983,
  "model/models.js.map": 1708114449154,
  "controller/App-dbg.controller.js": 1708097347983,
  "controller/App.controller.js.map": 1708114449151,
  "controller/BaseController-dbg.js": 1708097347983,
  "controller/BaseController.js.map": 1708114449135,
  "Component-preload.js": 1708114449247,
  "Component-preload.js.map": 1708114449247,
  "view/App.view.xml": 1708097347983,
  "css/style.css": 1708097347983,
  "index.html": 1708097347983
}