{
  "controller/BaseController-dbg.js": 1708097347983,
  "i18n/i18n_en.properties": 1708097347983,
  "i18n/i18n_es_ES.properties": 1708097347983,
  "controller/BaseController.js": 1708097347983,
  "model/formatter.js": 1708097347983,
  "model/models.js": 1708097347983,
  "controller/App.controller.js": 1708097347983,
  "manifest.json": 1709300691567,
  "Component.js": 1708097347983,
  "model/models-dbg.js": 1708097347983,
  "model/models.js.map": 1709300691963,
  "model/formatter-dbg.js": 1708097347983,
  "model/formatter.js.map": 1709300691967,
  "i18n/i18n.properties": 1708097347983,
  "controller/BaseController.js.map": 1709300691974,
  "controller/App-dbg.controller.js": 1708097347983,
  "controller/App.controller.js.map": 1709300692011,
  "Component-dbg.js": 1708097347983,
  "Component.js.map": 1709300691971,
  "Component-preload.js": 1709300692336,
  "Component-preload.js.map": 1709300692336,
  "view/App.view.xml": 1708097347983,
  "css/style.css": 1708097347983,
  "index.html": 1708097347983
}