{
  "controller/BaseController.js.map": 1697295847826,
  "i18n/i18n_en.properties": 1696362229171,
  "i18n/i18n_es_ES.properties": 1697168772922,
  "model/models.js": 1696361936414,
  "model/formatter.js": 1696365551043,
  "controller/BaseController.js": 1696364903291,
  "controller/App.controller.js": 1697233687720,
  "manifest.json": 1697295847296,
  "Component.js": 1696361936406,
  "Component-dbg.js": 1696361936406,
  "Component.js.map": 1697295847907,
  "model/formatter-dbg.js": 1696365551043,
  "model/formatter.js.map": 1697295847847,
  "controller/BaseController-dbg.js": 1696364903291,
  "i18n/i18n.properties": 1696362195871,
  "controller/App-dbg.controller.js": 1697233687720,
  "controller/App.controller.js.map": 1697295847866,
  "model/models-dbg.js": 1696361936414,
  "model/models.js.map": 1697295847833,
  "Component-preload.js": 1697295848463,
  "Component-preload.js.map": 1697295848463,
  "view/App.view.xml": 1697141273421,
  "css/style.css": 1696361936422,
  "index.html": 1696361936406
}