{
  "controller/BaseController.js": 1705074594310,
  "i18n/i18n_en.properties": 1705074594310,
  "i18n/i18n_es_ES.properties": 1705074594310,
  "manifest.json": 1705090026093,
  "model/formatter.js": 1705074594310,
  "i18n/i18n.properties": 1705074594310,
  "controller/App.controller.js": 1705079340782,
  "model/models.js": 1705074594310,
  "Component.js": 1705074594310,
  "model/formatter-dbg.js": 1705074594310,
  "model/formatter.js.map": 1705090026270,
  "controller/BaseController-dbg.js": 1705074594310,
  "controller/BaseController.js.map": 1705090026283,
  "controller/App-dbg.controller.js": 1705079340782,
  "controller/App.controller.js.map": 1705090026297,
  "model/models-dbg.js": 1705074594310,
  "model/models.js.map": 1705090026259,
  "Component-dbg.js": 1705074594310,
  "Component.js.map": 1705090026265,
  "Component-preload.js": 1705090026395,
  "Component-preload.js.map": 1705090026395,
  "view/App.view.xml": 1705074594310,
  "css/style.css": 1705074594310,
  "index.html": 1705074594310
}