{
  "css/style.css": 1696361936422,
  "i18n/i18n_en.properties": 1696362229171,
  "i18n/i18n.properties": 1696362195871,
  "manifest.json": 1697339230111,
  "model/formatter.js": 1696365551043,
  "controller/BaseController.js": 1696364903291,
  "controller/App.controller.js": 1697339166304,
  "model/models.js": 1696361936414,
  "Component.js": 1697336082044,
  "controller/BaseController-dbg.js": 1696364903291,
  "controller/BaseController.js.map": 1697339230307,
  "model/formatter-dbg.js": 1696365551043,
  "model/formatter.js.map": 1697339230306,
  "controller/App-dbg.controller.js": 1697339166304,
  "controller/App.controller.js.map": 1697339230280,
  "model/models-dbg.js": 1696361936414,
  "model/models.js.map": 1697339230279,
  "Component-dbg.js": 1697336082044,
  "Component.js.map": 1697339230305,
  "Component-preload.js": 1697339230520,
  "Component-preload.js.map": 1697339230520,
  "view/App.view.xml": 1697141273421,
  "i18n/i18n_es_ES.properties": 1697168772922,
  "index.html": 1696361936406
}