{
  "model/models-dbg.js": 1696361936414,
  "i18n/i18n_en.properties": 1696362229171,
  "i18n/i18n_es_ES.properties": 1697168772922,
  "controller/App.controller.js": 1697339353438,
  "model/formatter.js": 1696365551043,
  "controller/BaseController.js": 1696364903291,
  "model/models.js": 1696361936414,
  "manifest.json": 1703099316822,
  "Component.js": 1697336082044,
  "controller/BaseController-dbg.js": 1696364903291,
  "controller/BaseController.js.map": 1703099317040,
  "model/formatter-dbg.js": 1696365551043,
  "model/formatter.js.map": 1703099317028,
  "controller/App-dbg.controller.js": 1697339353438,
  "controller/App.controller.js.map": 1703099317061,
  "i18n/i18n.properties": 1696362195871,
  "model/models.js.map": 1703099317034,
  "Component-dbg.js": 1697336082044,
  "Component.js.map": 1703099317035,
  "Component-preload.js": 1703099317349,
  "Component-preload.js.map": 1703099317349,
  "view/App.view.xml": 1697141273421,
  "css/style.css": 1696361936422,
  "index.html": 1696361936406
}