{
  "model/formatter.js.map": 1705454853649,
  "i18n/i18n.properties": 1705074594310,
  "manifest.json": 1705454853399,
  "model/formatter.js": 1705074594310,
  "controller/BaseController.js": 1705074594310,
  "controller/App.controller.js": 1705079790188,
  "model/models.js": 1705074594310,
  "Component.js": 1705074594310,
  "controller/BaseController-dbg.js": 1705074594310,
  "controller/BaseController.js.map": 1705454853665,
  "model/formatter-dbg.js": 1705074594310,
  "i18n/i18n_en.properties": 1705074594310,
  "controller/App-dbg.controller.js": 1705079790188,
  "controller/App.controller.js.map": 1705454853677,
  "model/models-dbg.js": 1705074594310,
  "model/models.js.map": 1705454853653,
  "Component-dbg.js": 1705074594310,
  "Component.js.map": 1705454853665,
  "Component-preload.js": 1705454853883,
  "Component-preload.js.map": 1705454853883,
  "view/App.view.xml": 1705074594310,
  "css/style.css": 1705074594310,
  "index.html": 1705074594310
}