{
  "controller/App-dbg.controller.js": 1705079790188,
  "i18n/i18n_en.properties": 1705074594310,
  "controller/App.controller.js": 1705079790188,
  "model/formatter.js": 1705074594310,
  "controller/BaseController.js": 1705074594310,
  "model/models.js": 1705074594310,
  "manifest.json": 1705425440055,
  "Component.js": 1705074594310,
  "model/formatter-dbg.js": 1705074594310,
  "model/formatter.js.map": 1705425440279,
  "i18n/i18n.properties": 1705074594310,
  "controller/App.controller.js.map": 1705425440296,
  "controller/BaseController-dbg.js": 1705074594310,
  "controller/BaseController.js.map": 1705425440291,
  "model/models-dbg.js": 1705074594310,
  "model/models.js.map": 1705425440283,
  "Component-dbg.js": 1705074594310,
  "Component.js.map": 1705425440286,
  "Component-preload.js": 1705425440529,
  "Component-preload.js.map": 1705425440529,
  "view/App.view.xml": 1705074594310,
  "css/style.css": 1705074594310,
  "index.html": 1705074594310
}