{
  "i18n/i18n_en.properties": 1708097347979,
  "i18n/i18n.properties": 1708097347979,
  "Component.js": 1708097347979,
  "model/formatter.js": 1708097347979,
  "controller/BaseController.js": 1708097347979,
  "controller/App.controller.js": 1708097347979,
  "manifest.json": 1709300260520,
  "model/models.js": 1708097347979,
  "model/formatter-dbg.js": 1708097347979,
  "model/formatter.js.map": 1709300265824,
  "Component-dbg.js": 1708097347979,
  "Component.js.map": 1709300265849,
  "controller/BaseController-dbg.js": 1708097347979,
  "controller/BaseController.js.map": 1709300265869,
  "controller/App-dbg.controller.js": 1708097347979,
  "controller/App.controller.js.map": 1709300265859,
  "model/models-dbg.js": 1708097347979,
  "model/models.js.map": 1709300265833,
  "Component-preload.js": 1709300285980,
  "Component-preload.js.map": 1709300285980,
  "view/App.view.xml": 1708097347979,
  "css/style.css": 1708097347979,
  "index.html": 1708097347979
}