{
  "css/style.css": 1705074594310,
  "i18n/i18n.properties": 1705074594310,
  "model/formatter.js": 1705074594310,
  "model/models.js": 1705074594310,
  "controller/BaseController.js": 1705074594310,
  "controller/App.controller.js": 1705074594310,
  "manifest.json": 1705078963009,
  "Component.js": 1705074594310,
  "model/models-dbg.js": 1705074594310,
  "model/models.js.map": 1705078963235,
  "model/formatter-dbg.js": 1705074594310,
  "model/formatter.js.map": 1705078963235,
  "controller/BaseController-dbg.js": 1705074594310,
  "controller/BaseController.js.map": 1705078963224,
  "controller/App-dbg.controller.js": 1705074594310,
  "controller/App.controller.js.map": 1705078963239,
  "Component-dbg.js": 1705074594310,
  "Component.js.map": 1705078963229,
  "Component-preload.js": 1705078963382,
  "Component-preload.js.map": 1705078963382,
  "view/App.view.xml": 1705074594310,
  "i18n/i18n_en.properties": 1705074594310,
  "index.html": 1705074594310
}