{
  "Component.js": 1696341989883,
  "i18n/i18n.properties": 1696346596152,
  "controller/App.controller.js": 1697158786801,
  "model/formatter.js": 1696248544936,
  "controller/BaseController.js": 1696342730892,
  "model/models.js": 1696342089721,
  "manifest.json": 1697295828616,
  "i18n/i18n_en.properties": 1696346585592,
  "model/models-dbg.js": 1696342089721,
  "model/models.js.map": 1697295828946,
  "model/formatter-dbg.js": 1696248544936,
  "model/formatter.js.map": 1697295828960,
  "controller/BaseController-dbg.js": 1696342730892,
  "controller/BaseController.js.map": 1697295828981,
  "controller/App-dbg.controller.js": 1697158786801,
  "controller/App.controller.js.map": 1697295828961,
  "Component-dbg.js": 1696341989883,
  "Component.js.map": 1697295828951,
  "Component-preload.js": 1697295829382,
  "Component-preload.js.map": 1697295829382,
  "view/App.view.xml": 1697172874962,
  "css/style.css": 1696200071088,
  "index.html": 1696200071076
}