{
  "model/models-dbg.js": 1708097347979,
  "i18n/i18n_en.properties": 1708097347979,
  "Component.js": 1708097347979,
  "model/formatter.js": 1708097347979,
  "controller/BaseController.js": 1708097347979,
  "controller/App.controller.js": 1708097347979,
  "manifest.json": 1708115198182,
  "model/models.js": 1708097347979,
  "controller/BaseController-dbg.js": 1708097347979,
  "controller/BaseController.js.map": 1708115198351,
  "model/formatter-dbg.js": 1708097347979,
  "model/formatter.js.map": 1708115198343,
  "Component-dbg.js": 1708097347979,
  "Component.js.map": 1708115198351,
  "controller/App-dbg.controller.js": 1708097347979,
  "controller/App.controller.js.map": 1708115198366,
  "i18n/i18n.properties": 1708097347979,
  "model/models.js.map": 1708115198349,
  "Component-preload.js": 1708115198468,
  "Component-preload.js.map": 1708115198468,
  "view/App.view.xml": 1708097347979,
  "css/style.css": 1708097347979,
  "index.html": 1708097347979
}