{
  "controller/BaseController.js.map": 1705450717080,
  "i18n/i18n_en.properties": 1705074594310,
  "controller/BaseController.js": 1705074594310,
  "model/formatter.js": 1705074594310,
  "model/models.js": 1705074594310,
  "controller/App.controller.js": 1705079790188,
  "manifest.json": 1705450716670,
  "Component.js": 1705074594310,
  "Component-dbg.js": 1705074594310,
  "Component.js.map": 1705450717092,
  "model/formatter-dbg.js": 1705074594310,
  "model/formatter.js.map": 1705450717080,
  "model/models-dbg.js": 1705074594310,
  "model/models.js.map": 1705450717062,
  "controller/App-dbg.controller.js": 1705079790188,
  "controller/App.controller.js.map": 1705450717095,
  "controller/BaseController-dbg.js": 1705074594310,
  "i18n/i18n.properties": 1705074594310,
  "Component-preload.js": 1705450717334,
  "Component-preload.js.map": 1705450717334,
  "view/App.view.xml": 1705074594310,
  "css/style.css": 1705074594310,
  "index.html": 1705074594310
}