{
  "controller/View1-dbg.controller.js": 1704208526259,
  "Component.js": 1703097221431,
  "controller/View1.controller.js": 1704208526259,
  "controller/App.controller.js": 1703097221443,
  "manifest.json": 1704208590243,
  "model/models.js": 1703097221439,
  "Component-dbg.js": 1703097221431,
  "Component.js.map": 1704208590423,
  "i18n/i18n.properties": 1703097221439,
  "controller/View1.controller.js.map": 1704208590417,
  "controller/App-dbg.controller.js": 1703097221443,
  "controller/App.controller.js.map": 1704208590413,
  "model/models-dbg.js": 1703097221439,
  "model/models.js.map": 1704208590441,
  "Component-preload.js": 1704208590526,
  "Component-preload.js.map": 1704208590526,
  "view/View1.view.xml": 1703195694800,
  "view/App.view.xml": 1703097221447,
  "css/style.css": 1703193859184,
  "index.html": 1703097221431
}