{
  "controller/App-dbg.controller.js": 1703097221443,
  "controller/App.controller.js": 1703097221443,
  "controller/View1.controller.js": 1703097221455,
  "model/models.js": 1703097221439,
  "manifest.json": 1703099322303,
  "Component.js": 1703097221431,
  "Component-dbg.js": 1703097221431,
  "Component.js.map": 1703099322530,
  "controller/View1-dbg.controller.js": 1703097221455,
  "controller/View1.controller.js.map": 1703099322530,
  "model/models-dbg.js": 1703097221439,
  "model/models.js.map": 1703099322537,
  "i18n/i18n.properties": 1703097221439,
  "controller/App.controller.js.map": 1703099322534,
  "Component-preload.js": 1703099322779,
  "Component-preload.js.map": 1703099322779,
  "view/View1.view.xml": 1703097221451,
  "view/App.view.xml": 1703097221447,
  "css/style.css": 1703097221443,
  "index.html": 1703097221431
}